{"cameraMode":{"drawMode":0,"name":"Shaded","section":"Shading Mode"},"sceneLighting":true,"audioPlay":false,"sceneViewState":{"m_AlwaysRefresh":false,"showFog":true,"showSkybox":true,"showFlares":true,"showImageEffects":true,"showParticleSystems":true,"showVisualEffectGraphs":true,"m_FxEnabled":true},"in2DMode":false,"pivot":{"x":1.6021932363510132,"y":-1.4304351806640626,"z":-0.45690441131591799},"rotation":{"x":0.6221066117286682,"y":-0.00003898941577062942,"z":-0.00005008910738979466,"w":0.7829897403717041},"size":18.04548454284668,"orthographic":false}